{
  "configurations": [
    {
      "name": "ESP-IDF",
      "compilerPath": "${config:idf.toolsPath}/tools/riscv32-esp-elf/esp-14.2.0_20241119/riscv32-esp-elf/bin/riscv32-esp-elf-gcc",
      "compileCommands": "${config:idf.buildPath}/compile_commands.json",
      "includePath": [
        "${config:idf.espIdfPath}/components/**",
        "${config:idf.espIdfPathWin}/components/**",
        "${workspaceFolder}/**"
      ],
      "browse": {
        "path": [
          "${config:idf.espIdfPath}/components",
          "${config:idf.espIdfPathWin}/components",
          "${workspaceFolder}"
        ],
        "limitSymbolsToIncludedHeaders": true
      }
    }
  ],
  "version": 4
}
